,UAE,QATAR,SAUDI,OMAN,BAHRAIN
UAE,1.0,0.9080290315991538,0.7755143227879184,0.5307381236342251,0.5363469948597153
QATAR,0.9080290315991538,1.0,0.836178571136173,0.5400860714890375,0.48946269515419033
SAUDI,0.7755143227879184,0.836178571136173,1.0,0.5704051678154777,0.5319880917563077
OMAN,0.5307381236342251,0.5400860714890375,0.5704051678154777,1.0,0.7093661490911816
BAHRAIN,0.5363469948597153,0.48946269515419033,0.5319880917563077,0.7093661490911816,1.0
