,UAE,QATAR,SAUDI,OMAN,BAHRAIN
UAE,1.0,0.8920296315514732,0.7398564320809718,0.5491105364412389,0.5373902424576559
QATAR,0.8920296315514732,1.0,0.7747363414479489,0.5364985286052801,0.49721711272834407
SAUDI,0.7398564320809718,0.7747363414479489,1.0,0.5650043467537342,0.5441853863631964
OMAN,0.5491105364412389,0.5364985286052801,0.5650043467537342,1.0,0.7224173266929939
BAHRAIN,0.5373902424576559,0.49721711272834407,0.5441853863631964,0.7224173266929939,1.0
